{
  "faq": [
    {
      "id": 1,
      "question": "كيف أضيف بوت جديد؟",
      "answer": "لإضافة بوت جديد:\n\n1️⃣ اذهب للقائمة الرئيسية\n2️⃣ اضغط على 'إضافة بوت'\n3️⃣ أرسل ملف .py أو .zip يحتوي على بوتك\n4️⃣ سيتم اكتشاف التوكن تلقائياً\n5️⃣ إذا لم يتم الاكتشاف، أدخله يدوياً\n6️⃣ تم! يمكنك الآن التحكم بالبوت",
      "category": "البوتات"
    },
    {
      "id": 2,
      "question": "لماذا دخل بوتي وضع السكون؟",
      "answer": "البوت يدخل وضع السكون عندما:\n\n⏰ ينتهي وقت الاستضافة المتاح لخطتك\n\nالحلول:\n✅ استخدم 'الاسترجاع اليومي' لإيقاظه\n✅ ترقية الخطة للحصول على وقت أكثر\n✅ شراء وقت إضافي\n\nملاحظة: كل خطة لها وقت استضافة محدد، وكل ساعة تشغيل تنقص من الرصيد",
      "category": "الوقت والاستضافة"
    },
    {
      "id": 3,
      "question": "كم وقت يحصل عليه كل بوت؟",
      "answer": "الوقت يعتمد على خطتك:\n\n🔵 **مجاني**: 24 ساعة (يومياً)\n🟢 **احترافي**: 7 أيام (أسبوعياً)\n🟣 **فائق**: 30 يوم (شهري)\n👑 **أسطوري**: غير محدود\n\nملاحظة: الوقت ينقص فقط عندما يكون البوت مشغلاً",
      "category": "الخطط"
    },
    {
      "id": 4,
      "question": "ما هو الاسترجاع اليومي؟",
      "answer": "الاسترجاع اليومي هو ميزة مجانية توفر:\n\n📋 ساعات إضافية يومياً لتشغيل البوتات\n\nكل خطة توفر:\n🔵 مجاني: 1 ساعة\n🟢 احترافي: 2 ساعة\n🟣 فائق: 3 ساعات\n👑 أسطوري: غير محدود\n\nالطريقة:\n1. اذهب لإدارة البوت\n2. اضغط 'استرجاع'\n3. سيتم إضافة الوقت فوراً",
      "category": "الوقت والاستضافة"
    },
    {
      "id": 5,
      "question": "هل بياناتي وبوتاتي آمنة؟",
      "answer": "نعم، البيانات آمنة جداً:\n\n🔐 **التشفير**: جميع البيانات محمية\n🛡️ **الخصوصية**: لا نشارك البيانات مع أحد\n📦 **النسخ الاحتياطية**: يتم عمل نسخ احتياطية تلقائية\n🔒 **التحكم الكامل**: أنت المالك الوحيد لبياناتك\n\nملاحظة: يمكنك حذف حسابك وجميع بوتاتك في أي وقت",
      "category": "الأمان"
    },
    {
      "id": 6,
      "question": "كيف أرفع ملفات للبوت أو أعدلها؟",
      "answer": "لإدارة الملفات:\n\n📁 **رفع ملف**:\n1. افتح إدارة البوت\n2. اضغط 'إدارة الملفات'\n3. اختر 'رفع ملف'\n4. أرسل الملف\n\n✏️ **تعديل ملف**:\n1. افتح 'معاينة الملف'\n2. اضغط 'تعديل'\n3. أرسل الملف المعدل أو النص الجديد\n\n⚠️ الحد الأقصى: 5MB للملف الواحد",
      "category": "الملفات"
    },
    {
      "id": 7,
      "question": "هل يمكن نشر ZIP مباشرة؟",
      "answer": "نعم! يمكنك نشر ZIP مباشرة:\n\n📋 **المتطلبات**:\n✅ يجب أن يحتوي على main.py أو bot.py\n✅ أضف requirements.txt للمتطلبات\n✅ الحد الأقصى: 100MB\n\n🔄 **العملية**:\n1. من القائمة الرئيسية: 'إضافة بوت'\n2. اختر 'نشر من ZIP'\n3. أرسل ملف ZIP\n4. سيتم فك ضغطه تلقائياً\n\nملاحظة: ستحتاج لإدخال التوكن بعدها",
      "category": "البوتات"
    },
    {
      "id": 8,
      "question": "ماذا يعني هذا الرمز 😴 بجانب اسم البوت؟",
      "answer": "الرموز تعني:\n\n🟢 **نشط**: البوت يعمل الآن\n🔴 **متوقف**: البوت لم يتم تشغيله\n😴 **سكون**: انتهى الوقت وانتظر الاسترجاع\n⚠️ **خطأ**: حدثت مشكلة - تحقق من السجلات",
      "category": "البوتات"
    },
    {
      "id": 9,
      "question": "كيف أشاهد سجل أحداث البوت؟",
      "answer": "لفتح سجل الأحداث:\n\n📋 **الخطوات**:\n1. افتح إدارة البوت المطلوب\n2. اضغط '📊 السجلات'\n3. ستشاهد أحدث 25 حدث\n\n📌 **المعلومات المتوفرة**:\n- وقت بدء البوت وتوقفه\n- الأخطاء إن وجدت\n- استخدام الموارد\n- إعادة التشغيل التلقائي\n\n🗑️ يمكنك حذف السجلات القديمة إذا أردت",
      "category": "الإحصائيات"
    },
    {
      "id": 10,
      "question": "ما الفرق بين الخطط المختلفة؟",
      "answer": "الفروقات الرئيسية:\n\n**🔵 مجاني**:\n• 2 بوت\n• 24 ساعة\n• دعم بريدي\n\n**🟢 احترافي** ($10/شهر):\n• 5 بوتات\n• 7 أيام\n• نسخ احتياطي\n• دعم متقدم\n\n**🟣 فائق** ($25/شهر):\n• 10 بوتات\n• 30 يوم\n• إحصائيات متقدمة\n• أولوية عالية\n\n**👑 أسطوري** (حصري):\n• بوتات غير محدودة\n• وقت غير محدود\n• دعم VIP\n• API خاص",
      "category": "الخطط"
    },
    {
      "id": 11,
      "question": "كيف أتواصل مع الدعم الفني؟",
      "answer": "طرق التواصل:\n\n📧 **البريد الإلكتروني**:\nsupport@neurohost.com\n\n💬 **تيليجرام**:\n@neurohost_support\n\n⏰ **وقت الرد**:\n• 🔵 مجاني: 24-48 ساعة\n• 🟢 احترافي: 12-24 ساعة\n• 🟣 فائق: 4-6 ساعات\n• 👑 أسطوري: فوري\n\nنحن هنا لمساعدتك!",
      "category": "الدعم"
    },
    {
      "id": 12,
      "question": "كيف أحذف بوت أو حسابي؟",
      "answer": "⚠️ **تحذير**: هذه العملية غير قابلة للإرجاع\n\n🤖 **لحذف بوت**:\n1. افتح إدارة البوت\n2. اضغط 'حذف البوت'\n3. أكد الحذف\n\n👤 **لحذف الحساب**:\n1. اذهب للإعدادات\n2. اضغط 'حذف الحساب'\n3. أكد حذف البيانات\n\nملاحظة: سيتم حذف جميع البوتات والبيانات نهائياً",
      "category": "الحساب"
    },
    {
      "id": 13,
      "question": "هل يمكن إعادة تشغيل البوت تلقائياً؟",
      "answer": "نعم! ميزة الاسترجاع التلقائي:\n\n🔄 **ماذا تفعل**:\n• تشغيل البوت تلقائياً عند تعطله\n• إعادة محاولة 5 مرات كحد أقصى\n• كل محاولة تخصم 5 دقائق من الوقت\n\n⚙️ **كيفية التفعيل**:\n1. افتح 'إعدادات البوت'\n2. فعّل 'الاسترجاع التلقائي'\n3. اختر النطاق الزمني\n\nهذا يضمن استقرار بوتك!",
      "category": "البوتات"
    },
    {
      "id": 14,
      "question": "كم بوت يمكنني أن أضيف؟",
      "answer": "العدد يعتمد على خطتك:\n\n🔵 **مجاني**: بوتان فقط\n🟢 **احترافي**: 5 بوتات\n🟣 **فائق**: 10 بوتات\n👑 **أسطوري**: 100 بوت\n\nملاحظة: كل بوت يستهلك جزء من موارد الخادم، لذلك يوجد حد أقصى",
      "category": "الخطط"
    },
    {
      "id": 15,
      "question": "كيف أترقي الخطة؟",
      "answer": "لترقية الخطة:\n\n📋 **الخطوات**:\n1. اضغط 'خطتي' من القائمة الرئيسية\n2. اختر 'طلب ترقية'\n3. اختر الخطة المطلوبة\n4. أرسل طلب الترقية\n5. انتظر موافقة الأدمن\n\n⏱️ **وقت الموافقة**:\n• 24 ساعة كحد أقصى\n• قد تكون فورية أحياناً\n\n💰 ستتمكن من الدفع بعد الموافقة",
      "category": "الخطط"
    }
  ],

  "detailed_guide": {
    "introduction": "مرحباً بك في دليل NeurHostX الشامل! 🚀\n\nهذا الدليل يشرح كل ميزات المنصة بالتفصيل.",

    "sections": [
      {
        "title": "🤖 إضافة وإدارة البوتات",
        "content": "**خطوات إضافة بوت:**\n\n1️⃣ **اختر طريقة الإضافة**:\n   • ملف Python (.py)\n   • ملف مضغوط (ZIP)\n   • كود مباشر\n\n2️⃣ **أرسل الملف أو الكود**:\n   • سيتم فحص الملف تلقائياً\n   • يتم اكتشاف التوكن تلقائياً\n   • أو أدخله يدوياً\n\n3️⃣ **قم بالتشغيل**:\n   • اضغط 'تشغيل البوت'\n   • شاهد حالة البوت\n   • تابع السجلات\n\n**إدارة البوت**:\n• ▶️ تشغيل وإيقاف\n• 🔄 إعادة تشغيل\n• 📁 إدارة الملفات\n• 📊 عرض الإحصائيات\n• 💾 النسخ الاحتياطية\n• 🗑️ حذف البوت"
      },
      {
        "title": "📦 نشر من ملف ZIP",
        "content": "**متطلبات ملف ZIP**:\n\n✅ يجب أن يحتوي على:\n   • main.py أو bot.py\n   • requirements.txt (اختياري)\n   • ملفات الكود الأخرى\n\n❌ لا يجب أن يحتوي على:\n   • البيئة الافتراضية (venv/)\n   • ملفات الكاش (__pycache__/)\n   • ملفات النظام (.DS_Store)\n\n**العملية**:\n1. ضع كل الملفات في مجلد واحد\n2. اضغط الملفات (ZIP)\n3. أرسل الملف للبوت\n4. سيتم فك الضغط تلقائياً\n5. ستحتاج لإدخال التوكن\n\n**الحد الأقصى**: 100MB"
      },
      {
        "title": "⏱️ إدارة الوقت والاستضافة",
        "content": "**كيف يعمل نظام الوقت**:\n\n📊 لكل خطة وقت محدد:\n• 🔵 مجاني: 24 ساعة\n• 🟢 احترافي: 7 أيام\n• 🟣 فائق: 30 يوم\n• 👑 أسطوري: غير محدود\n\n⏳ **الوقت ينقص عندما**:\n• البوت مشغل فقط\n• كل ساعة تشغيل = ساعة من رصيدك\n\n😴 **وضع السكون**:\n• يدخل البوت السكون عند انتهاء الوقت\n• لا يمكن تشغيل البوت\n• استخدم الاسترجاع اليومي\n\n🔄 **الاسترجاع اليومي**:\n• ساعات إضافية مجانية يومياً\n• يعاد تعيينها كل 24 ساعة\n• لا تتراكم إذا لم تستخدمها\n\n💰 **شراء وقت**:\n• اتصل بالدعم\n• سيتم إضافة الوقت للحساب"
      },
      {
        "title": "📁 إدارة الملفات",
        "content": "**عرض الملفات**:\n• كل بوت له مجلد خاص\n• عرض الملفات والمجلدات\n• معاينة محتوى الملف\n\n**رفع ملفات**:\n• اضغط 'رفع ملف'\n• أرسل الملف\n• سينتقل للمجلد الرئيسي\n• الحد الأقصى: 50MB\n\n**تعديل ملفات**:\n• اضغط على الملف ثم 'تعديل'\n• عدّل المحتوى\n• أرسل النسخة الجديدة\n• الحد الأقصى: 5MB\n\n**استبدال ملف**:\n• اختر 'استبدال'\n• أرسل الملف الجديد\n• سيحل محل القديم\n\n**حذف ملف**:\n• اختر 'حذف'\n• أكد الحذف\n• ⚠️ غير قابل للإرجاع\n\n**تحميل كـ ZIP**:\n• حمّل جميع الملفات\n• في ملف ZIP واحد\n• للنسخ الاحتياطي"
      },
      {
        "title": "📊 الإحصائيات والسجلات",
        "content": "**إحصائيات البوت**:\n• حالة التشغيل (تشغيل/إيقاف/خطأ)\n• الوقت المستخدم والمتبقي\n• استهلاك CPU و الذاكرة\n• عدد الآباء الكلي\n• متوسط وقت التشغيل\n\n**سجل الأحداث**:\n• آخر 25 حدث\n• تاريخ ووقت دقيق\n• نوع الحدث\n• تفاصيل الخطأ إن وجد\n\n**البيانات المسجلة**:\n• بدء وإيقاف البوت\n• إعادة التشغيل التلقائي\n• أخطاء البرنامج\n• استخدام الموارد\n• عمليات الملفات\n\n**حذف السجلات**:\n• اضغط 'حذف السجلات'\n• سيتم حذف جميع السجلات\n• ⚠️ غير قابل للإرجاع"
      },
      {
        "title": "💾 النسخ الاحتياطية",
        "content": "**إنشاء نسخة احتياطية**:\n• اضغط 'نسخ احتياطي'\n• سيتم حفظ جميع الملفات\n• يمكنك التحميل لاحقاً\n• تاريخ النسخة في الاسم\n\n**متى تصنع نسخة**:\n• قبل تعديل ملفات كبيرة\n• قبل ترقية البوت\n• قبل حذف البوت\n• نسخ احتياطية دورية\n\n**استرجاع من نسخة**:\n• انتقل للنسخ الاحتياطية\n• اختر النسخة المطلوبة\n• استعد الملفات\n• سيحل محل الملفات الحالية\n\n**الخطط والنسخ**:\n• 🔵 مجاني: 1 نسخة\n• 🟢 احترافي: 5 نسخ\n• 🟣 فائق: 10 نسخ\n• 👑 أسطوري: غير محدود"
      },
      {
        "title": "🔐 الأمان والخصوصية",
        "content": "**حماية البيانات**:\n• جميع البيانات محمية\n• اتصالات آمنة (HTTPS)\n• لا تشارك البيانات\n• ملفات آمنة ومشفرة\n\n**التحكم في الوصول**:\n• فقط أنت يمكنك رؤية بوتاتك\n• الأدمن لا يرى الملفات الخاصة\n• لا يمكن لمستخدم آخر الوصول\n\n**حذف البيانات**:\n• حذف البوت = حذف البيانات\n• حذف الحساب = حذف كل شيء\n• تتم عملية الحذف فوراً\n• ⚠️ غير قابل للإرجاع\n\n**التوكن والسرية**:\n• التوكن محمي في النظام\n• لا يظهر في السجلات\n• تغيير التوكن في الإعدادات\n• لا تشارك التوكن مع أحد"
      },
      {
        "title": "💰 الخطط والترقية",
        "content": "**الخطط الأربعة**:\n\n🔵 **مجاني**:\n• 2 بوت\n• 24 ساعة\n• مدير ملفات\n• دعم بريدي\n\n🟢 **احترافي** - $10/شهر:\n• 5 بوتات\n• أسبوع وقت\n• نسخ احتياطية\n• دعم متقدم\n\n🟣 **فائق** - $25/شهر:\n• 10 بوتات\n• شهر وقت\n• إحصائيات كاملة\n• أولوية عالية\n\n👑 **أسطوري** - حصري:\n• بوتات غير محدودة\n• وقت لا نهائي\n• دعم VIP\n• API خاص\n\n**طلب الترقية**:\n1. اضغط 'خطتي'\n2. اختر 'طلب ترقية'\n3. اختر الخطة المطلوبة\n4. أرسل الطلب\n5. انتظر الموافقة\n\n**وقت الموافقة**:\n• 24 ساعة كحد أقصى\n• قد تكون فورية"
      },
      {
        "title": "🎮 نصائح وحيل",
        "content": "**للأداء الأفضل**:\n• أبقِ البوت مشغلاً عندما يكون مهماً\n• استخدم smallest files\n• نظّف السجلات بانتظام\n• راقب الموارد\n\n**الاستقرار**:\n• فعّل الاسترجاع التلقائي\n• احفظ نسخة احتياطية دورية\n• تحقق من السجلات للأخطاء\n• عدّل الكود إذا لزم\n\n**الملفات**:\n• استخدم أسماء واضحة\n• نظّم الملفات في مجلدات\n• احذف الملفات غير المستخدمة\n• حافظ على requirements.txt محدثاً\n\n**الدعم**:\n• اقرأ الأسئلة الشائعة أولاً\n• استخدم البحث\n• شاهد السجلات للأخطاء\n• تواصل مع الدعم إذا لزم"
      }
    ]
  }
}
